name,price,original_price,image,brand,url,scraped_at
"Giày Cao Gót MWC G169 - Sandal Gót Vuông 8cm Tôn Dáng, Quai Ngang Phối Quai Chéo Nhẹ Tinh Tế, Thanh Lịch Thời Trang.",,,https://img.mwc.com.vn/giay-thoi-trang?w=640&h=640&FileInput=/Resources/Product/2025/12/12/z7317428466099_7771806f3a8f4c5f9ae296e96f4ff962.jpg,MWC,https://mwc.com.vn/products/giay-cao-got-mwc-nucg--g169?c=den,2026-04-19T00:26:39.799927
"Dép Nữ MWC 8683 - Dép Nữ Hai Quai Ngang Dán Cài Nhẹ Êm, Nữ Tính, Chuẩn Form, Phối Gì Cũng Đẹp.",,,https://img.mwc.com.vn/giay-thoi-trang?w=640&h=640&FileInput=/Resources/Product/2025/12/17/z7317469956315_5d53be85f2e1b1c4b10294fecb86082a.jpg,MWC,https://mwc.com.vn/products/dep-nu-mwc-nude--8683?c=kem,2026-04-19T00:26:39.799927
"Dép Sục Nữ MWC 8717 - Dép Sục Nữ Dáng Basic Gắn Charm Gấu Đá Ngọt Ngào, Nữ Tính.",,,https://img.mwc.com.vn/giay-thoi-trang?w=640&h=640&FileInput=/Resources/Product/2026/04/11/z7692789780342-351faff3f8b07e5dd55b03d78a170665d7233090-88c0-47c9-97ea-2702c6d9fb38.jpg,MWC,https://mwc.com.vn/products/dep-nu-mwc-nude--8717?c=nau,2026-04-19T00:26:39.799927
"Giày Búp Bê MWC 2367 - Giày Búp Bê Da Lộn Đế Độn 4P, Quai Bản Ngang Có Khoá Kim Loại Bền Đẹp, Thời Trang.",,,https://img.mwc.com.vn/giay-thoi-trang?w=640&h=640&FileInput=/Resources/Product/2026/02/06/z7505869346050_d3e3d3970c886497963bd5cac4d705aa.jpg,MWC,https://mwc.com.vn/products/giay-bup-be-mwc-nubb--2367?c=naud,2026-04-19T00:26:39.799927
"Giày Cao Gót MWC G160 - Giày Cao Gót Nữ Gót Vuông 10P Siêu Hack Dáng, Quai Mảnh Đan Chéo Cách Điệu, Thanh Lịch, Thời Trang.",,,https://img.mwc.com.vn/giay-thoi-trang?w=640&h=640&FileInput=/Resources/Product/2025/12/12/z7317430124175_77f7b201ea00bcb2cd4fbc6805b7ba99.jpg,MWC,https://mwc.com.vn/products/giay-cao-got-mwc-nucg--g160?c=den,2026-04-19T00:26:39.799927
"Dép Cao Gót MWC G336 - Guốc Cao Gót 7cm, Quai Bản Cắt Hoạ Tiết Cách Điệu, Nữ Tính, Thanh Lịch, Hiện Đại.",,,https://img.mwc.com.vn/giay-thoi-trang?w=640&h=640&FileInput=/Resources/Product/2026/01/04/z7344850921668_8458f7b7bad42513204aa9df4a490a38.jpg,MWC,https://mwc.com.vn/products/giay-cao-got-mwc-nucg--g336?c=kem,2026-04-19T00:26:39.799927
"Giày Cao Gót MWC G361 - Giày Gót Trụ 7P Dáng Slingback, Mũi Nhọn Phối Nơ Tiểu Thư, Nữ Tính, Sang Trọng.",,,https://img.mwc.com.vn/giay-thoi-trang?w=640&h=640&FileInput=/Resources/Product/2026/01/25/z7459801646191_45d24c659214e9c5e56d18460f079bac.jpg,MWC,https://mwc.com.vn/products/giay-cao-got-mwc-nucg--g361?c=trang,2026-04-19T00:26:39.801563
"Giày Cao Gót MWC G340 - Giày Cao Gót 5cm, Mũi Vuông Thanh Lịch Phối Quai Nơ Nhỏ Xinh, Nữ Tính, Thời trang.",,,https://img.mwc.com.vn/giay-thoi-trang?w=640&h=640&FileInput=/Resources/Product/2026/02/06/z7505865193667_ab3327626b8bb124fc46714719cbeb4f.jpg,MWC,https://mwc.com.vn/products/giay-cao-got-mwc-nucg--g340?c=kem,2026-04-19T00:26:39.801563
"Giày Sandal Nữ MWC E218 - Sandal Nữ Quai Mảnh Chéo Êm Nhẹ, Thanh Lịch, Năng Động, Trẻ Trung.",,,https://img.mwc.com.vn/giay-thoi-trang?w=640&h=640&FileInput=/Resources/Product/2025/12/31/z7380458677657_24f76af9b18995fc869f3e5ad1f2c7e0.jpg,MWC,https://mwc.com.vn/products/giay-sandal-nu-mwc-nusd--e218?c=kem,2026-04-19T00:26:39.801563
"Giày Sandal Nữ MWC E219 - Sandal Nữ Quai Bản Cách Điệu Phối Xỏ Ngón Thanh Lịch, Năng Động, Thời Trang.",,,https://img.mwc.com.vn/giay-thoi-trang?w=640&h=640&FileInput=/Resources/Product/2026/01/05/z7380463064407_01bcf9685a588b203e01b7ca16cfa0e8.jpg,MWC,https://mwc.com.vn/products/giay-sandal-nu-mwc-nusd--e219?c=kem,2026-04-19T00:26:39.801563
"Dép Sục Nữ MWC 8718 - Dép Sục Nữ Dáng Basic Gắn Charm Gấu Hoa, Chữ Nổi, Sinh Động, Dễ Thương.",,,https://img.mwc.com.vn/giay-thoi-trang?w=640&h=640&FileInput=/Resources/Product/2026/04/11/z7692788951330_4bbc59b1c715c95bb1ed82116ab1682b.jpg,MWC,https://mwc.com.vn/products/dep-nu-mwc-nude--8718?c=hong,2026-04-19T00:26:39.802577
"Dép Sục Nữ MWC 8745 - Dép Sục Nữ Gắn Charm Kẹo, Bắp, Bánh, Kem Ngọt Ngào, Xinh Xắn, Thời Trang.",,,https://img.mwc.com.vn/giay-thoi-trang?w=640&h=640&FileInput=/Resources/Product/2026/04/11/z7692789317309_ad8ab8c1d78b68f5b9feaa80cb27117b.jpg,MWC,https://mwc.com.vn/products/dep-nu-cr-mwc-nude--8745?c=nau,2026-04-19T00:26:39.802577
"BALO MWC 1312 - Balo Da PU Cao Cấp Phong Cách Casual Đi Học, Đi làm, Đựng Latop, Du Lịch Cool Ngầu.",,,https://img.mwc.com.vn/giay-thoi-trang?w=640&h=640&FileInput=/Resources/Product/2025/12/28/z7373171359794_17970a1db537af10486abd85f8935699.jpg,MWC,https://mwc.com.vn/products/balo-mwc-balo--1312?c=den,2026-04-19T00:26:39.802577
"Balô Túi Đeo Chéo MWC 0868 - Túi Xách Du Lịch, Đeo Vai Thời Trang Nam, Nữ Cho Phong Cách Năng Động, Trẻ Trung.",,,https://img.mwc.com.vn/giay-thoi-trang?w=640&h=640&FileInput=/Resources/Product/2025/12/26/z7368423174102_22403b21b4ce00b7b357da9dd9333ce3.jpg,MWC,https://mwc.com.vn/products/balo-tui-deo-cheo-mwc-tuid--0868?c=den,2026-04-19T00:26:39.802577
"BALO MWC 1321 - Balo Mini Phong Cách Hàn Quốc Đi Học, Đi Chơi, Đi Làm Siêu Bền Đẹp, Thời Trang.",,,https://img.mwc.com.vn/giay-thoi-trang?w=640&h=640&FileInput=/Resources/Product/2026/04/06/z7696732523134_a475edcc09b6b1b624631b9bd5729596.jpg,MWC,https://mwc.com.vn/products/balo-mwc-balo--1321?c=den,2026-04-19T00:26:39.802577
"Balô Túi Đeo Chéo MWC 0869 - Túi Mini Dáng Hộp, Xách Tay, Đeo Chéo, Nhỏ Gọn, Trẻ Trung, Tiện Lợi.",,,https://img.mwc.com.vn/giay-thoi-trang?w=640&h=640&FileInput=/Resources/Product/2026/04/06/z7696739012063_adb85e28f054504df25b41aaa8a86eff.jpg,MWC,https://mwc.com.vn/products/balo-tui-deo-cheo-mwc-tuid--0869?c=den,2026-04-19T00:26:39.802577
"Giày Sandal Nam MWC 7052 - Sandal Nam Quai Ngang Chéo Phối Lót Dán Thời Trang, Sandal Nam Đi Học, Đi Làm, Đi Chơi Thanh Lịch, Trẻ Trung.",,,https://img.mwc.com.vn/giay-thoi-trang?w=640&h=640&FileInput=/Resources/Product/2024/12/01/z6082888657485_beab7354e1014c5b8c7efb09e0e8e930.jpg,MWC,https://mwc.com.vn/products/giay-sandal-nam-mwc-nasd--7052?c=xam,2026-04-19T00:26:39.802577
"Giày Sandal Nam MWC 7103 - Sandal Nam Quai Ngang Bản To Phối Quai Hậu Có Khóa Gài Thanh Lịch, Thoải Mái, Nam Tính.",,,https://img.mwc.com.vn/giay-thoi-trang?w=640&h=640&FileInput=/Resources/Product/2025/08/30/z6905196444858_6f8a03626d402ed87f477c56495c948c.jpg,MWC,https://mwc.com.vn/products/giay-sandal-nam-mwc-nasd--7103?c=den,2026-04-19T00:26:39.803951
"Dép Nam MWC 9254 - Dép Nam Quai Da Ngang Bản To Phối Khoá Kim Loại Nam Tính, Thời Trang.",,,https://img.mwc.com.vn/giay-thoi-trang?w=640&h=640&FileInput=/Resources/Product/2026/01/04/z7343264921701_4e9a7b46c0211e78647f4caae21b7507.jpg,MWC,https://mwc.com.vn/products/dep-nam-mwc-nade--9254?c=nau,2026-04-19T00:26:39.803951
"Dép Nam MWC 9223 - Dép Nam Quai Da Kẹp Cao Cấp, Nam Tính, Sang Trọng, Bền Đẹp, Thời Trang.",,,https://img.mwc.com.vn/giay-thoi-trang?w=640&h=640&FileInput=/Resources/Product/2026/01/19/z7439502214109_40483952b04a808bc51172a7ea2f39a4.jpg,MWC,https://mwc.com.vn/products/dep-nam-mwc-nade--9223?c=den,2026-04-19T00:26:39.803951
"Giày Tây Nam MWC 6678 - Giày Mọi Nam Cao Cấp, Giày Da Slip On Công Sở Lịch Lãm, Thời Trang.",,,https://img.mwc.com.vn/giay-thoi-trang?w=640&h=640&FileInput=/Resources/Product/2025/04/22/z6529118690335-e8af5c45b998974416af36113d5ae7bffec10ca6-fbc7-47f5-9d9d-b1dfc6bd4e0e.jpg,MWC,https://mwc.com.vn/products/giay-moi-nam-mwc-namo--6678?c=den,2026-04-19T00:26:39.804659
"Giày Mọi Nam MWC 6703 - Giày Slip-On Nam Công Sở Lịch Lãm, Họa Tiết Da Miếng Thời Trang Sáng Bóng, Sang Trọng.",,,https://img.mwc.com.vn/giay-thoi-trang?w=640&h=640&FileInput=/Resources/Product/2025/06/13/z6698751722148_519beef513af5fd7632090b5537bfca3.jpg,MWC,https://mwc.com.vn/products/giay-moi-nam-mwc-namo--6703?c=den,2026-04-19T00:26:39.804659
"Giày Thể Thao Nam MWC 5811 - Giày Da Thể Thao Nam Đi Học, Đi Chơi, Leo Núi, Chạy Bộ Siêu Bền Đẹp, Thời trang.",,,https://img.mwc.com.vn/giay-thoi-trang?w=640&h=640&FileInput=/Resources/Product/2025/10/26/z7156294017420_d79d851d8ccaf736e3643b020998bca0.jpg,MWC,https://mwc.com.vn/products/giay-the-thao-nam-mwc-natt--5811?c=den,2026-04-19T00:26:39.804659
"Giày Thể Thao Nam MWC 5812 - Giày Sneaker Nam Da Cao Cấp, Leo Núi, Chạy Bộ, Đi Học Đi Chơi Cool Ngầu.",,,https://img.mwc.com.vn/giay-thoi-trang?w=640&h=640&FileInput=/Resources/Product/2025/10/27/z7156449427510_83f6af2c4ad282aa335a587c6c4262bc.jpg,MWC,https://mwc.com.vn/products/giay-the-thao-nam-mwc-natt--5812?c=den,2026-04-19T00:26:39.804659
"Giày Búp Bê MWC – Thanh Lịch, Dễ Thương Và Dễ Phối Cho Dịp cuối năm",,,https://img.mwc.com.vn/giay-thoi-trang?w=640&h=640&FileInput=/Resources/Post/2025/12/19/z7337487970238_ef21dc7aac1def348622fe1f4cc9dd2f.jpg,MWC,https://mwc.com.vn/post/giay-bup-be,2026-04-19T00:26:39.804659
"Các Mẫu Sandal Nên Sở Hữu Dịp Cuối Năm – Thoải Mái, Thời Trang Và Dễ Phối Đồ",,,https://img.mwc.com.vn/giay-thoi-trang?w=640&h=640&FileInput=/Resources/Post/2025/12/19/z7337487962465_b7e246f719a62fd3b9877405d25800f9.jpg,MWC,https://mwc.com.vn/post/giay-sandal-nu-cuoi-nam,2026-04-19T00:26:39.804659
"Giày Thể Thao MWC Đẹp Mắt, Dễ Phối, Giá “Mềm” Cho Mọi Phong Cách",,,https://img.mwc.com.vn/giay-thoi-trang?w=640&h=640&FileInput=/Resources/Post/2025/11/18/z7235800573079-4f91c7b0f687f37829495346fa1b3c089e578418-be5e-4c7a-b815-3eb085774d6a.jpg,MWC,https://mwc.com.vn/post/giay-the-thao-nu,2026-04-19T00:26:39.805659
Bí Quyết Giữ Giày Dép Không Bốc Mùi Trong Ngày Hè Nóng Bức,,,https://img.mwc.com.vn/giay-thoi-trang?w=640&h=640&FileInput=/Resources/Post/2025/04/17/491939667_703051458784616_7674632254681312858_n.jpg,MWC,https://mwc.com.vn/post/httpsmwccomvncollectionsgiay-cao-got,2026-04-19T00:26:39.805659
